D01	Exercices  svt college 2ac/Exercices corrigés Module 1/Série d'exercices...pdf
D02	Exercices  svt college 2ac/Exercices corrigés Module 1/exercices volcans.pdf
D03	Exercices  svt college 2ac/Exercices non corrigés Module 1/Chaines de montagnes-Exercices.pdf
D04	Exercices  svt college 2ac/Exercices non corrigés Module 1/Déformations tectoniques-exercices-2.pdf
D05	Exercices  svt college 2ac/Exercices non corrigés Module 1/Dérive des continents-b Exerscices.pdf
D06	Exercices  svt college 2ac/Exercices non corrigés Module 1/EXERCICES LES VOLCANS.pdf
D07	Exercices  svt college 2ac/Exercices non corrigés Module 1/Exercice LES SEISMES.pdf
D08	Exercices  svt college 2ac/Exercices non corrigés Module 1/Magmatisme-exercices-2.pdf
D09	Exercices  svt college 2ac/Exercices non corrigés Module 1/Séismes-exercices-2.pdf
D10	Exercices  svt college 2ac/Exercices non corrigés Module 1/Volcans-exercices-2.pdf
D11	Guides de l'enseignant svt 2AC/Guide Almoufid SVT 2AC.pdf
D12	Guides de l'enseignant svt 2AC/MP_Guide_LUnivers_Plus_SVT_2AC[1945].pdf
D17	Manuels scolaires/ETINC_Manuel de l'éleve_2AC_SVT.pdf
D18	Manuels scolaires/Manuel des cours  2AC Internationale Pr.Naciri.pdf
D19	Proposition Pedagogique/Proposition Pedagogie IPSE.pdf
D22	Solution AlphaStudyFlex/AlphaStudyFlex.pdf
D13	Manuels scolaires/CAPEF_SVT2_Partie_1_pages_1-77.pdf
D14	Manuels scolaires/CAPEF_SVT2_Partie_2_pages_78-154.pdf
D15	Manuels scolaires/Collection_Competence_SVT_2AC_Partie_1_pages_1-53.pdf
D16	Manuels scolaires/Collection_Competence_SVT_2AC_Partie_2_pages_54-106.pdf
