id	type	role	langue	niveau	editeur_origine	droits	contenu	notes
D01	Série d'exercices (Word→PDF)	Exercices + correction	fr	2AC	Inconnu (enseignant ?)	inconnus	U1 : dérive/tectonique, séismes, roches (5 exercices) ; correction p.~5-6	Corrigé présent
D02	Exercices (Word→PDF)	Exercices + correction	fr	2AC	Inconnu	inconnus	U1 : volcanisme (restitution, raisonnement) ; « Corrections »	Corrigé présent ; base de la tranche Volcanisme
D03	Exercices (scan wkhtmltopdf)	Exercices sans corrigé	fr	2AC	Site AlloSchool (mention « © AlloSchool » p.1)	site tiers – conditions à vérifier	U1 : chaînes de montagnes	Image seule → OCR
D04	Exercices (scan wkhtmltopdf)	Exercices sans corrigé	fr	2AC	Site AlloSchool (mention « © AlloSchool » p.1)	site tiers – conditions à vérifier	U1 : déformations tectoniques	Image seule → OCR
D05	Exercices (scan wkhtmltopdf)	Exercices sans corrigé	fr	2AC	Site AlloSchool (mention « © AlloSchool » p.1)	site tiers – conditions à vérifier	U1 : dérive des continents	Image seule → OCR
D06	Exercices (Word→PDF)	Exercices sans corrigé	fr	2AC	Inconnu	inconnus	U1 : volcans	1 page
D07	Exercices (Word→PDF)	Exercices sans corrigé	fr	2AC	Inconnu	inconnus	U1 : séismes	
D08	Exercices (scan wkhtmltopdf)	Exercices sans corrigé	fr	2AC	Site AlloSchool (mention « © AlloSchool » p.1)	site tiers – conditions à vérifier	U1 : magmatisme	Image seule → OCR
D09	Exercices (scan wkhtmltopdf)	Exercices sans corrigé	fr	2AC	Site AlloSchool (mention « © AlloSchool » p.1)	site tiers – conditions à vérifier	U1 : séismes	Image seule → OCR
D10	Exercices (scan wkhtmltopdf)	Exercices sans corrigé	fr	2AC	Site AlloSchool (mention « © AlloSchool » p.1)	site tiers – conditions à vérifier	U1 : volcans (QCM légende coupe de volcan, textes à trous)	Image seule → OCR
D11	Guide de l'enseignant	Stratégies, objectifs, éléments de réponse, remédiation	fr	2AC	Almoufid	commercial – à vérifier	U1 ch.1-6, U2 ch.1-4 ; évaluation, canevas de remédiation	Erreurs probables relevées (voir couverture)
D12	Guide de l'enseignant	Stratégies, objectifs, éléments de réponse	fr	2AC	L'Univers Plus (MP)	commercial – à vérifier	U1 ch.1-4, U2 ch.1-4	
D13	Manuel élève (scan)	Cours, documents, exercices	fr	2AC	APEF Collège « SVT 2e A.C » (2016, ISBN 978-9954-533-85-7)	commercial – à vérifier	Partie 1 (p.1-77) : sommaire, U1 ch.1-6	Image seule → OCR ; à joindre avec D14
D14	Manuel élève (scan)	Cours, documents, exercices	fr	2AC	APEF Collège (suite)	commercial – à vérifier	Partie 2 (p.78-154) : fin U1, U2 ch.1-4	Image seule → OCR
D15	Manuel élève (scan)	Cours, documents, exercices	fr	2AC	Collection Compétence – Sochepress	commercial – à vérifier	Partie 1 (p.1-53)	Image seule → OCR
D16	Manuel élève (scan)	Cours, documents, exercices	fr	2AC	Collection Compétence – Sochepress (suite)	commercial – à vérifier	Partie 2 (p.54-106)	Image seule → OCR
D17	Manuel élève (extrait)	Sommaire + chapitre 1	fr	2AC parcours international option français	Étincelle SVT2	commercial – à vérifier	Sommaire complet + U1 ch.1 (tectonique des plaques) seulement	Extrait de 14 pages sur ~160
D18	Polycopié de cours	Cours	fr + termes ar	2AC « Internationale »	Pr. Naciri Issame (2018-2019)	auteur individuel – à vérifier	Semestre I : U1 ch.1-4	Erreur de titre probable (voir couverture)
D19	Présentation (PowerPoint→PDF)	Proposition pédagogique IPSE	fr	transversal	IPSE / Candy	interne	Processus d'apprentissage intégrant l'IA générative	Contexte, pas source disciplinaire
D20	Référentiel (docx)	Programme restructuré	fr	Lycée : TC, 1Bac, 2Bac Sciences Maths A	IPSE, version préfinale 5 mars 2018	interne IPSE	SVT lycée SM ; pratiques d'évaluation	Hors niveau 2AC ; utile pour évaluation et extensions
D21	Référentiel (doc)	Programme restructuré	fr	Lycée : TC, 1Bac, 2Bac Sciences Expérimentales	IPSE, version préfinale 5 mars 2018	interne IPSE	SVT lycée SE	Hors niveau 2AC
D22	Présentation (PowerPoint→PDF)	Vision produit initiale	fr	—	Candy	interne	Problématique, concurrents, marché, roadmap 2024-2026	Divergences : émotions, parents, coach
