96eeb13a9bd4881e	394886	6	8560	0	Microsoft® Word LTSC; Microsoft® Word LTSC; 	svt/Exercices  svt college 2ac/Exercices corrigés Module 1/Série d'exercices...pdf
6f27366ec7664c6b	226123	4	6129	0	Microsoft® Word 2016; Microsoft® Word 2016; 	svt/Exercices  svt college 2ac/Exercices corrigés Module 1/exercices volcans.pdf
7801ba0b964e840a	543184	3	3	3	wkhtmltopdf 0.12.5; Qt 5.11.3; 	svt/Exercices  svt college 2ac/Exercices non corrigés Module 1/Chaines de montagnes-Exercices.pdf
97fe5c21af80c0d8	468299	2	2	2	wkhtmltopdf 0.12.5; Qt 5.11.3; 	svt/Exercices  svt college 2ac/Exercices non corrigés Module 1/Déformations tectoniques-exercices-2.pdf
086a91474d94030c	604651	2	2	2	wkhtmltopdf 0.12.5; Qt 5.11.3; 	svt/Exercices  svt college 2ac/Exercices non corrigés Module 1/Dérive des continents-b Exerscices.pdf
4d23f780db45396f	273445	1	1313	0	Microsoft® Word 2019; Microsoft® Word 2019; 	svt/Exercices  svt college 2ac/Exercices non corrigés Module 1/EXERCICES LES VOLCANS.pdf
767e5a7167b76209	285836	3	9642	0	Microsoft® Word 2019; Microsoft® Word 2019; 	svt/Exercices  svt college 2ac/Exercices non corrigés Module 1/Exercice LES SEISMES.pdf
c645dd483a019018	508599	2	2	2	wkhtmltopdf 0.12.5; Qt 5.11.3; 	svt/Exercices  svt college 2ac/Exercices non corrigés Module 1/Magmatisme-exercices-2.pdf
41de00a57962b34a	612599	3	3	3	wkhtmltopdf 0.12.5; Qt 5.11.3; 	svt/Exercices  svt college 2ac/Exercices non corrigés Module 1/Séismes-exercices-2.pdf
dbb0d61dbcbf0afb	706214	3	3	3	wkhtmltopdf 0.12.5; Qt 5.11.3; 	svt/Exercices  svt college 2ac/Exercices non corrigés Module 1/Volcans-exercices-2.pdf
ca5061aab9080629	6082584	90	248223	5	Microsoft; 	svt/Guides de l'enseignant svt 2AC/Guide Almoufid SVT 2AC.pdf
c8e515560cbb40a0	1186274	82	228272	7	Adobe InDesign CS5 (7.0); Acrobat Distiller 9.3.0 (Macintosh); 	svt/Guides de l'enseignant svt 2AC/MP_Guide_LUnivers_Plus_SVT_2AC[1945].pdf
6881a430a4955e6e	20564289	77	77	77		svt/Manuels scolaires/CAPEF_SVT2_Partie_1_pages_1-77.pdf
ade6bbe6b1667935	20048479	77	77	77		svt/Manuels scolaires/CAPEF_SVT2_Partie_2_pages_78-154.pdf
7c46a15eba4ad620	19186657	53	53	53		svt/Manuels scolaires/Collection_Competence_SVT_2AC_Partie_1_pages_1-53.pdf
85dce28f12d864fe	20334576	53	53	53		svt/Manuels scolaires/Collection_Competence_SVT_2AC_Partie_2_pages_54-106.pdf
7bcd5de371b88889	13728530	14	60420	0	Adobe InDesign CC 2015 (Macintosh); Adobe PDF Library 15.0; 	svt/Manuels scolaires/ETINC_Manuel de l'éleve_2AC_SVT.pdf
d73b30142c90f48f	4934414	27	32250	5	Microsoft® Word 2010; Microsoft® Word 2010; 	svt/Manuels scolaires/Manuel des cours  2AC Internationale Pr.Naciri.pdf
8dcb843402b310d6	226988	11	6454	1	Microsoft® PowerPoint® pour Microsoft 365; Microsoft® PowerPoint® pour Microsoft 365; 	svt/Proposition Pedagogique/Proposition Pedagogie IPSE.pdf
386531be608d8003	205750	-	-	-	-	svt/Referentiel Pedagogique IPSE/Version Préfinale Programme SVT,  SM envoyée le 5 Mars 2018 .docx
e040288d8dc855ac	1345536	-	-	-	-	svt/Referentiel Pedagogique IPSE/Version préfinale Programme SVT, Sc Exp envoyée le 5 mars 2018.doc
d680960d5988105c	790842	17	24789	3	Microsoft® PowerPoint® pour Microsoft 365; Microsoft® PowerPoint® pour Microsoft 365; 	svt/Solution AlphaStudyFlex/AlphaStudyFlex.pdf
